INSERT INTO addresses(address_id, country, region, city, street, housenumber, postalcode) VALUES (1, 'Ukraine', 'Kyivska', 'Kyiv', 'Velika Vasilkivska', '114', '020590'), (2, 'Ukraine', 'Kyivska', 'Kyiv', 'Velika Vasilkivska', '115', '020590'), (3, 'Ukraine', 'Kyivska', 'Kyiv', 'Velika Vasilkivska', '116', '020590'), (4, 'Ukraine', 'Kyivska', 'Kyiv', 'Velika Vasilkivska', '116', '020590')
INSERT INTO audiences(audience_id, number, capacity) VALUES (1, 123, 20), (2, 124, 20), (3, 125, 20), (4, 125, 20)
INSERT INTO courses(course_id, name, description) VALUES (1, 'English', ' '), (2, 'Biology', ' '), (3, 'Physics', ' '), (4, 'MATHEMATICS', ' ') 
INSERT INTO groups(group_id, name) VALUES (1, 'MM-13'), (2, 'MM-14'), (3, 'MM-15'), (4, 'MM-16')
INSERT INTO holidays(holiday_id, name, date) VALUES (1, 'Holiday1', '2022-01-01'), (2, 'Holiday2', '2022-02-02'), (3, 'Holiday3', '2022-03-03')
INSERT INTO teachers(teacher_id, first_name, last_name, gender, birthdate, phone, email, address_id, academicdegree) VALUES (1, 'FName1', 'LName1', 'MALE', '1980-01-01', '12345678', 'mail', 1, 'BACHELOR'), (2, 'FName2', 'LName2', 'MALE', '1980-02-02', '12345678', 'mail', 2, 'MASTER'), (3, 'FName3', 'LName3', 'MALE', '1980-01-01', '12345678', 'mail', 3, 'DOCTORAL')
INSERT INTO lessons_times(lesson_time_id, starttime, endtime) VALUES (1, '8:40', '9:20'), (2, '9:40', '10:20'), (3, '10:40', '11:20'), (4, '12:40', '13:20')
INSERT INTO lessons(lesson_id, teacher_id, course_id, audience_id, date, lesson_time_id) VALUES (1, 1, 1, 1, '2022-11-11', 1), (2, 1, 1, 1, '2022-11-11', 2), (3, 1, 1, 1, '2022-11-11', 3)
INSERT INTO students(student_id, first_name, last_name, gender, birthdate, phone, email, address_id, group_id) VALUES (1, 'FName1', 'LName1', 'MALE', '1980-01-01', '12345678', 'mail', 1, 1), (2, 'FName2', 'LName2', 'MALE', '1985-05-05', '12345678', 'mail', 2, 2), (3, 'FName3', 'LName3', 'MALE', '1990-07-07', '12345678', 'mail', 3, 3)
INSERT INTO vacations(vacation_id, teacher_id, startdate, enddate) VALUES (1, 1, '2022-02-02', '2022-02-22'), (2, 1, '2022-03-03', '2022-03-22'), (3, 2, '2022-03-03', '2022-03-22')